userID,제목,저자,날짜,분류,독서기록,기타1,기타2
100,s,s,2024-05-10,에세이,ss
100,s,s,2024-05-11,소설,ss
100,abc,1234,2022,undefined,undefined
100,abc,1234,2022,undefined,undefined
100,s,s,2024-05-10,소설,ss
100,abc,1234,2022,undefined,undefined
100,abc,1234,2022,undefined,undefined
100,abc,1234,2022,undefined,undefined
100,abc,1234,2022,undefined,undefined
3,222,222,2024-05-04,소설,11
3,222,222,2024-05-04,소설,11
3,222,222,2024-05-04,소설,11
3,abc,1234,2022,undefined,undefined
3,ss,s,2024-05-16,에세이,
3,ss,s,2024-05-16,에세이,
3,ss,ss,2024-05-11,자기계발,ss
3,ss,ss,2024-05-03,에세이,ss
3,ss,ss,2024-05-03,에세이,ss
3,abc,1234,2022,undefined,undefined
3,1,1,2024-05-03,소설,2

100,남천우,undefined,undefined,undefined,undefined,/uploads/image-1715926097828-639867314.jpg
